a,phi
1.889882e-03,-3.569477e+02
1.929093e-03,-3.569396e+02
1.969118e-03,-3.569310e+02
2.009974e-03,-3.569222e+02
2.051677e-03,-3.569129e+02
2.094246e-03,-3.569033e+02
2.137698e-03,-3.568932e+02
2.182051e-03,-3.568828e+02
2.227325e-03,-3.568719e+02
2.273538e-03,-3.568605e+02
2.320709e-03,-3.568487e+02
2.368860e-03,-3.568364e+02
2.418010e-03,-3.568235e+02
2.468179e-03,-3.568102e+02
2.519389e-03,-3.567962e+02
2.571662e-03,-3.567817e+02
2.625019e-03,-3.567666e+02
2.679484e-03,-3.567508e+02
2.735078e-03,-3.567344e+02
2.791826e-03,-3.567173e+02
2.849751e-03,-3.566995e+02
2.908878e-03,-3.566809e+02
2.969232e-03,-3.566616e+02
3.030839e-03,-3.566414e+02
3.093723e-03,-3.566204e+02
3.157912e-03,-3.565986e+02
3.223433e-03,-3.565758e+02
3.290313e-03,-3.565520e+02
3.358581e-03,-3.565273e+02
3.428266e-03,-3.565015e+02
3.499396e-03,-3.564747e+02
3.572002e-03,-3.564467e+02
3.646115e-03,-3.564176e+02
3.721765e-03,-3.563873e+02
3.798985e-03,-3.563557e+02
3.877807e-03,-3.563227e+02
3.958265e-03,-3.562884e+02
4.040392e-03,-3.562527e+02
4.124222e-03,-3.562155e+02
4.209792e-03,-3.561767e+02
4.297138e-03,-3.561363e+02
4.386296e-03,-3.560942e+02
4.477304e-03,-3.560504e+02
4.570200e-03,-3.560047e+02
4.665023e-03,-3.559571e+02
4.761814e-03,-3.559075e+02
4.860613e-03,-3.558559e+02
4.961462e-03,-3.558021e+02
5.064403e-03,-3.557461e+02
5.169480e-03,-3.556877e+02
5.276737e-03,-3.556269e+02
5.386220e-03,-3.555635e+02
5.497975e-03,-3.554975e+02
5.612048e-03,-3.554288e+02
5.728487e-03,-3.553572e+02
5.847343e-03,-3.552827e+02
5.968665e-03,-3.552050e+02
6.092504e-03,-3.551241e+02
6.218912e-03,-3.550399e+02
6.347944e-03,-3.549521e+02
6.479652e-03,-3.548607e+02
6.614093e-03,-3.547656e+02
6.751323e-03,-3.546664e+02
6.891401e-03,-3.545632e+02
7.034385e-03,-3.544557e+02
7.180336e-03,-3.543437e+02
7.329315e-03,-3.542271e+02
7.481385e-03,-3.541057e+02
7.636610e-03,-3.539792e+02
7.795056e-03,-3.538476e+02
7.956790e-03,-3.537105e+02
8.121879e-03,-3.535677e+02
8.290393e-03,-3.534191e+02
8.462404e-03,-3.532643e+02
8.637983e-03,-3.531032e+02
8.817206e-03,-3.529354e+02
9.000147e-03,-3.527608e+02
9.186884e-03,-3.525789e+02
9.377495e-03,-3.523896e+02
9.572062e-03,-3.521914e+02
9.770665e-03,-3.519847e+02
9.973388e-03,-3.517695e+02
1.018032e-02,-3.515454e+02
1.039154e-02,-3.513120e+02
1.060715e-02,-3.510691e+02
1.082723e-02,-3.508162e+02
1.105187e-02,-3.505528e+02
1.128118e-02,-3.502786e+02
1.151524e-02,-3.499932e+02
1.175416e-02,-3.496961e+02
1.199804e-02,-3.493869e+02
1.224698e-02,-3.490650e+02
1.250108e-02,-3.487293e+02
1.276046e-02,-3.483760e+02
1.302521e-02,-3.480081e+02
1.329546e-02,-3.476249e+02
1.357132e-02,-3.472258e+02
1.385290e-02,-3.468103e+02
1.414033e-02,-3.463776e+02
1.443371e-02,-3.459270e+02
1.473319e-02,-3.454579e+02
1.503888e-02,-3.449647e+02
1.535091e-02,-3.444453e+02
1.566941e-02,-3.439023e+02
1.599452e-02,-3.433372e+02
1.632638e-02,-3.427481e+02
1.666513e-02,-3.421340e+02
1.701090e-02,-3.414908e+02
1.736384e-02,-3.408053e+02
1.772411e-02,-3.400902e+02
1.809186e-02,-3.393442e+02
1.846723e-02,-3.385662e+02
1.885040e-02,-3.377457e+02
1.924151e-02,-3.368711e+02
1.964074e-02,-3.359577e+02
2.004825e-02,-3.350040e+02
2.046422e-02,-3.339920e+02
2.088882e-02,-3.329129e+02
2.132223e-02,-3.317849e+02
2.176463e-02,-3.305956e+02
2.221621e-02,-3.293129e+02
2.267716e-02,-3.279708e+02
2.314767e-02,-3.265362e+02
2.362795e-02,-3.250034e+02
2.411819e-02,-3.233852e+02
2.461861e-02,-3.216294e+02
2.512940e-02,-3.197753e+02
2.565080e-02,-3.177600e+02
2.618302e-02,-3.156073e+02
2.672627e-02,-3.132914e+02
2.728080e-02,-3.107676e+02
2.784684e-02,-3.080479e+02
2.842462e-02,-3.051011e+02
2.901439e-02,-3.018939e+02
2.961640e-02,-2.983920e+02
3.023090e-02,-2.945614e+02
3.085815e-02,-2.903696e+02
3.149842e-02,-2.857855e+02
3.215197e-02,-2.807848e+02
3.281908e-02,-2.752857e+02
3.350004e-02,-2.693069e+02
3.419512e-02,-2.628071e+02
3.490463e-02,-2.557691e+02
3.562887e-02,-2.482149e+02
3.636813e-02,-2.401723e+02
3.712273e-02,-2.317084e+02
3.789299e-02,-2.228976e+02
3.867924e-02,-2.138227e+02
3.948180e-02,-2.045937e+02
4.030102e-02,-1.953062e+02
4.113723e-02,-1.860520e+02
4.199080e-02,-1.769185e+02
4.286209e-02,-1.679662e+02
4.375146e-02,-1.592564e+02
4.465928e-02,-1.508247e+02
4.558595e-02,-1.427019e+02
4.653185e-02,-1.349066e+02
4.749738e-02,-1.274490e+02
4.848295e-02,-1.203328e+02
4.948897e-02,-1.135573e+02
5.051588e-02,-1.071177e+02
5.156410e-02,-1.010068e+02
5.263408e-02,-9.521438e+01
5.372627e-02,-8.973002e+01
5.484114e-02,-8.454186e+01
5.597914e-02,-7.963757e+01
5.714077e-02,-7.500429e+01
5.832652e-02,-7.062970e+01
5.953688e-02,-6.650119e+01
6.077238e-02,-6.260642e+01
6.203352e-02,-5.893343e+01
6.332086e-02,-5.547062e+01
6.463492e-02,-5.220682e+01
6.597627e-02,-4.913130e+01
6.734548e-02,-4.623380e+01
6.874312e-02,-4.350450e+01
7.016979e-02,-4.093401e+01
7.162609e-02,-3.851340e+01
7.311265e-02,-3.623429e+01
7.463008e-02,-3.408859e+01
7.617904e-02,-3.206869e+01
7.776019e-02,-3.016742e+01
7.937418e-02,-2.837791e+01
8.102172e-02,-2.669376e+01
8.270350e-02,-2.510883e+01
8.442024e-02,-2.361739e+01
8.617266e-02,-2.221400e+01
8.796151e-02,-2.089350e+01
8.978756e-02,-1.965109e+01
9.165158e-02,-1.848218e+01
9.355437e-02,-1.738246e+01
9.549674e-02,-1.634788e+01
9.747952e-02,-1.537461e+01
9.950356e-02,-1.445904e+01
1.015697e-01,-1.359778e+01
1.036789e-01,-1.278763e+01
1.058320e-01,-1.202557e+01
1.080299e-01,-1.130876e+01
1.102736e-01,-1.063453e+01
1.125641e-01,-1.000036e+01
1.149023e-01,-9.403891e+00
1.172892e-01,-8.842882e+00
1.197260e-01,-8.315235e+00
1.222135e-01,-7.818972e+00
1.247530e-01,-7.352235e+00
1.273454e-01,-6.913273e+00
1.299920e-01,-6.500438e+00
1.326939e-01,-6.112179e+00
1.354523e-01,-5.747038e+00
1.382683e-01,-5.403641e+00
1.411433e-01,-5.080696e+00
1.440784e-01,-4.776989e+00
1.470750e-01,-4.491375e+00
1.501344e-01,-4.222780e+00
1.532579e-01,-3.970191e+00
1.564470e-01,-3.732656e+00
1.597030e-01,-3.509279e+00
1.630274e-01,-3.299219e+00
1.664218e-01,-3.101682e+00
1.698876e-01,-2.915922e+00
1.734264e-01,-2.741240e+00
1.770398e-01,-2.576975e+00
1.807295e-01,-2.422507e+00
1.844971e-01,-2.277252e+00
1.883445e-01,-2.140661e+00
1.922733e-01,-2.012219e+00
1.962855e-01,-1.891439e+00
2.003829e-01,-1.777866e+00
2.045673e-01,-1.671068e+00
2.088410e-01,-1.570644e+00
2.132058e-01,-1.476212e+00
2.176638e-01,-1.387416e+00
2.222174e-01,-1.303919e+00
2.268686e-01,-1.225406e+00
2.316197e-01,-1.151579e+00
2.364733e-01,-1.082159e+00
2.414316e-01,-1.016883e+00
2.464973e-01,-9.555042e-01
2.516729e-01,-8.977896e-01
2.569611e-01,-8.435209e-01
2.623648e-01,-7.924925e-01
2.678868e-01,-7.445112e-01
2.735300e-01,-6.993951e-01
2.792977e-01,-6.569734e-01
2.851929e-01,-6.170853e-01
2.912191e-01,-5.795796e-01
2.973796e-01,-5.443142e-01
3.036781e-01,-5.111555e-01
3.101183e-01,-4.799778e-01
3.167041e-01,-4.506629e-01
3.234395e-01,-4.230997e-01
3.303288e-01,-3.971837e-01
3.373763e-01,-3.728166e-01
3.445867e-01,-3.499060e-01
3.519648e-01,-3.283651e-01
3.595156e-01,-3.081122e-01
3.672444e-01,-2.890704e-01
3.751567e-01,-2.711676e-01
3.832583e-01,-2.543359e-01
3.915554e-01,-2.385114e-01
4.000543e-01,-2.236341e-01
4.087618e-01,-2.096476e-01
4.176849e-01,-1.964988e-01
4.268313e-01,-1.841377e-01
4.362088e-01,-1.725176e-01
4.458258e-01,-1.615943e-01
4.556912e-01,-1.513264e-01
4.658143e-01,-1.416748e-01
4.762051e-01,-1.326030e-01
4.868741e-01,-1.240765e-01
4.978327e-01,-1.160629e-01
5.090926e-01,-1.085319e-01
5.206666e-01,-1.014547e-01
5.325682e-01,-9.480458e-02
5.448118e-01,-8.855617e-02
5.574129e-01,-8.268574e-02
5.703879e-01,-7.717096e-02
5.837544e-01,-7.199086e-02
5.975313e-01,-6.712571e-02
6.117387e-01,-6.255699e-02
6.263983e-01,-5.826727e-02
6.415334e-01,-5.424020e-02
6.571689e-01,-5.046039e-02
6.733317e-01,-4.691339e-02
6.900507e-01,-4.358563e-02
7.073571e-01,-4.046433e-02
7.252845e-01,-3.753752e-02
7.438690e-01,-3.479392e-02
7.631499e-01,-3.222294e-02
7.831695e-01,-2.981463e-02
8.039735e-01,-2.755963e-02
8.256115e-01,-2.544914e-02
8.481372e-01,-2.347489e-02
8.716090e-01,-2.162910e-02
8.960900e-01,-1.990445e-02
9.216490e-01,-1.829406e-02
9.483607e-01,-1.679142e-02
9.763065e-01,-1.539044e-02
1.005575e+00,-1.408534e-02
1.036263e+00,-1.287071e-02
